﻿[
  {
    "regex": "^https:\\/\\/streamtape\\.com\\/v\\/(.*)$",
    "substitution": "https://streamtape.com/e/$1"
  },
  {
    "regex": "^https:\\/\\/sendvid\\.com\\/([^/]+)\\/?$",
    "substitution": "https://sendvid.com/embed/$1"
  },
  {
    "regex": "^https:\\/\\/uqload\\.net\\/(?!embed-)([^-]+)$",
    "substitution": "https://uqload.net/embed-$1"
  },
  {
    "regex": "^https:\\/\\/vidtube\\.one\\/(?!embed-)([^-]+)$",
    "substitution": "https://vidtube.one/embed-$1"
  },
  {
    "regex": "^https:\\/\\/voe\\.sx\\/([^/]+)$",
    "substitution": "https://voe.sx/e/$1"
  },
  {
    "regex": "^https:\\/\\/www\\.dailymotion\\.com\\/video\\/(.*)$",
    "substitution": "https://geo.dailymotion.com/player.html?video=$1"
  },
  {
    "regex": "^https:\\/\\/www\\.youtube\\.com\\/watch\\?v=([^&]+)(&.*)?$",
    "substitution": "https://www.youtube.com/embed/$1"
  },
  {
    "regex": "^https:\\/\\/vimeo\\.com\\/(\\d+)$",
    "substitution": "https://player.vimeo.com/video/$1"
  },
  {
    "regex": "^https:\\/\\/vidmoly\\.me\\/w\\/([^/]+)$",
    "substitution": "https://vidmoly.to/embed-$1.html"
  }
]
